setchancecol,mp/loot/br/resurgence_massive/lootset_root.csv,2,,# root,,,,,,,,,,,,,,,,,,,,,,,,,,,,,,,,,,,,,,,,,,,,,,,,
setchancecol,mp/loot/br/resurgence_massive/lootset_global.csv,3,,# global,,,,,,,,,,,,,,,,,,,,,,,,,,,,,,,,,,,,,,,,,,,,,,,,
setchancecol,mp/loot/br/resurgence_massive/caches/lootset_cache_base.csv,4,,# cache_base,,,,,,,,,,,,,,,,,,,,,,,,,,,,,,,,,,,,,,,,,,,,,,,,
setchancecol,mp/loot/br/resurgence_massive/caches/lootset_cache_underwater.csv,5,,# cache_underwater,,,,,,,,,,,,,,,,,,,,,,,,,,,,,,,,,,,,,,,,,,,,,,,,
setchancecol,mp/loot/br/resurgence_massive/caches/lootset_cache_lege.csv,6,,# cache_lege,,,,,,,,,,,,,,,,,,,,,,,,,,,,,,,,,,,,,,,,,,,,,,,,
setchancecol,mp/loot/br/resurgence_massive/strongholds/lootset_cache_stronghold.csv,7,,# cache_stronghold,,,,,,,,,,,,,,,,,,,,,,,,,,,,,,,,,,,,,,,,,,,,,,,,
setchancecol,mp/loot/br/resurgence_massive/strongholds/lootset_cache_blacksite.csv,8,,# cache_blacksite,,,,,,,,,,,,,,,,,,,,,,,,,,,,,,,,,,,,,,,,,,,,,,,,
setchancecol,mp/loot/br/resurgence_massive/strongholds/lootset_stronghold_black.csv,9,,# stronghold_black,,,,,,,,,,,,,,,,,,,,,,,,,,,,,,,,,,,,,,,,,,,,,,,,
setchancecol,mp/loot/br/resurgence_massive/strongholds/lootset_stronghold_high.csv,10,,# stronghold_high,,,,,,,,,,,,,,,,,,,,,,,,,,,,,,,,,,,,,,,,,,,,,,,,
setchancecol,mp/loot/br/resurgence_massive/containers/lootset_cache_cash_register.csv,11,,# cache_cash_register,,,,,,,,,,,,,,,,,,,,,,,,,,,,,,,,,,,,,,,,,,,,,,,,
setchancecol,mp/loot/br/resurgence_massive/containers/lootset_cache_duffel_bag.csv,12,,# cache_duffel_bag,,,,,,,,,,,,,,,,,,,,,,,,,,,,,,,,,,,,,,,,,,,,,,,,
setchancecol,mp/loot/br/resurgence_massive/containers/lootset_cache_hanging_clothes.csv,13,,# cache_hanging_clothes,,,,,,,,,,,,,,,,,,,,,,,,,,,,,,,,,,,,,,,,,,,,,,,,
setchancecol,mp/loot/br/resurgence_massive/containers/lootset_cache_hidden_container.csv,14,,# cache_hidden_container,,,,,,,,,,,,,,,,,,,,,,,,,,,,,,,,,,,,,,,,,,,,,,,,
setchancecol,mp/loot/br/resurgence_massive/containers/lootset_cache_medical_box_wall.csv,15,,# cache_medical_box,,,,,,,,,,,,,,,,,,,,,,,,,,,,,,,,,,,,,,,,,,,,,,,,
setchancecol,mp/loot/br/resurgence_massive/containers/lootset_cache_medicine_cabinet.csv,16,,# cache_medicine_cab,,,,,,,,,,,,,,,,,,,,,,,,,,,,,,,,,,,,,,,,,,,,,,,,
setchancecol,mp/loot/br/resurgence_massive/containers/lootset_cache_toolbox.csv,17,,# cache_toolbox,,,,,,,,,,,,,,,,,,,,,,,,,,,,,,,,,,,,,,,,,,,,,,,,
setchancecol,mp/loot/br/resurgence_massive/containers/lootset_cache_weapon_locker.csv,18,,# cache_weapon_locker,,,,,,,,,,,,,,,,,,,,,,,,,,,,,,,,,,,,,,,,,,,,,,,,
setchancecol,mp/loot/br/resurgence_massive/strongholds/lootset_stronghold_bomb_defuse_reward.csv,19,,# stronghold_bomb_defuse,,,,,,,,,,,,,,,,,,,,,,,,,,,,,,,,,,,,,,,,,,,,,,,,
setchancecol,mp/loot/br/resurgence_massive/strongholds/lootset_blacksite_boss_backpack.csv,20,,# blacksite_boss_backpack,,,,,,,,,,,,,,,,,,,,,,,,,,,,,,,,,,,,,,,,,,,,,,,,
setchancecol,mp/loot/br/resurgence_massive/strongholds/lootset_cache_train_safe.csv,21,,# blacksite_cache_train_safe,,,,,,,,,,,,,,,,,,,,,,,,,,,,,,,,,,,,,,,,,,,,,,,,
setchancecol,mp/loot/br/resurgence_massive/contracts/lootset_contract_dom.csv,22,,# contract_dom,,,,,,,,,,,,,,,,,,,,,,,,,,,,,,,,,,,,,,,,,,,,,,,,
setchancecol,mp/loot/br/resurgence_massive/contracts/lootset_contract_scav1.csv,23,,# contract_scav1,,,,,,,,,,,,,,,,,,,,,,,,,,,,,,,,,,,,,,,,,,,,,,,,
setchancecol,mp/loot/br/resurgence_massive/contracts/lootset_contract_scav2.csv,24,,# contract_scav2,,,,,,,,,,,,,,,,,,,,,,,,,,,,,,,,,,,,,,,,,,,,,,,,
setchancecol,mp/loot/br/resurgence_massive/contracts/lootset_contract_scav3.csv,25,,# contract_scav3,,,,,,,,,,,,,,,,,,,,,,,,,,,,,,,,,,,,,,,,,,,,,,,,
setchancecol,mp/loot/br/resurgence_massive/contracts/lootset_contract_safe1.csv,26,,# contract_safe1,,,,,,,,,,,,,,,,,,,,,,,,,,,,,,,,,,,,,,,,,,,,,,,,
setchancecol,mp/loot/br/resurgence_massive/lootset_empty.csv,27,,# empty,,,,,,,,,,,,,,,,,,,,,,,,,,,,,,,,,,,,,,,,,,,,,,,,
setchancecol,mp/loot/br/resurgence_massive/locations/lootset_autobody_shop.csv,28,,# autobody_shop,,,,,,,,,,,,,,,,,,,,,,,,,,,,,,,,,,,,,,,,,,,,,,,,
setchancecol,mp/loot/br/resurgence_massive/locations/lootset_car_dealership.csv,29,,# car_dealership,,,,,,,,,,,,,,,,,,,,,,,,,,,,,,,,,,,,,,,,,,,,,,,,
setchancecol,mp/loot/br/resurgence_massive/locations/lootset_fire_station.csv,30,,# fire_station,,,,,,,,,,,,,,,,,,,,,,,,,,,,,,,,,,,,,,,,,,,,,,,,
setchancecol,mp/loot/br/resurgence_massive/locations/lootset_gas_station.csv,31,,# gas_station,,,,,,,,,,,,,,,,,,,,,,,,,,,,,,,,,,,,,,,,,,,,,,,,
setchancecol,mp/loot/br/resurgence_massive/locations/lootset_pharmacy.csv,32,,# pharmacy,,,,,,,,,,,,,,,,,,,,,,,,,,,,,,,,,,,,,,,,,,,,,,,,
setchancecol,mp/loot/br/resurgence_massive/locations/lootset_police_station.csv,33,,# police_station,,,,,,,,,,,,,,,,,,,,,,,,,,,,,,,,,,,,,,,,,,,,,,,,
setchancecol,mp/loot/br/resurgence_massive/locations/lootset_restaurant.csv,34,,# restaurant,,,,,,,,,,,,,,,,,,,,,,,,,,,,,,,,,,,,,,,,,,,,,,,,
setchancecol,mp/loot/br/resurgence_massive/locations/lootset_station_house.csv,35,,# station_house,,,,,,,,,,,,,,,,,,,,,,,,,,,,,,,,,,,,,,,,,,,,,,,,
setchancecol,mp/loot/br/resurgence_massive/locations/lootset_bank.csv,36,,# bank,,,,,,,,,,,,,,,,,,,,,,,,,,,,,,,,,,,,,,,,,,,,,,,,
setchancecol,mp/loot/br/resurgence_massive/locations/lootset_recon.csv,37,,# recon,,,,,,,,,,,,,,,,,,,,,,,,,,,,,,,,,,,,,,,,,,,,,,,,
setchancecol,mp/loot/br/resurgence_massive/locations/lootset_defensive.csv,38,,# defensive,,,,,,,,,,,,,,,,,,,,,,,,,,,,,,,,,,,,,,,,,,,,,,,,
setchancecol,mp/loot/br/resurgence_massive/locations/lootset_offensive.csv,39,,# offensive,,,,,,,,,,,,,,,,,,,,,,,,,,,,,,,,,,,,,,,,,,,,,,,,
setchancecol,mp/loot/br/resurgence_massive/locations/lootset_support.csv,40,,# support,,,,,,,,,,,,,,,,,,,,,,,,,,,,,,,,,,,,,,,,,,,,,,,,
setchancecol,mp/loot/br/resurgence_massive/locations/lootset_manor.csv,41,,# manor,,,,,,,,,,,,,,,,,,,,,,,,,,,,,,,,,,,,,,,,,,,,,,,,
setchancecol,mp/loot/br/resurgence_massive/contracts/lootset_contract_recovery.csv,42,,# contract_recovery,,,,,,,,,,,,,,,,,,,,,,,,,,,,,,,,,,,,,,,,,,,,,,,,
setchancecol,mp/loot/br/resurgence_massive/contracts/lootset_contract_intel.csv,43,,# contract_intel,,,,,,,,,,,,,,,,,,,,,,,,,,,,,,,,,,,,,,,,,,,,,,,,
setchancecol,mp/loot/br/resurgence_massive/contracts/lootset_contract_vipCrate.csv,44,,# contract_vipCrate,,,,,,,,,,,,,,,,,,,,,,,,,,,,,,,,,,,,,,,,,,,,,,,,
setchancecol,mp/loot/br/resurgence_massive/caches/lootset_cache_reusable.csv,45,,# cache_reusable,,,,,,,,,,,,,,,,,,,,,,,,,,,,,,,,,,,,,,,,,,,,,,,,
setchancecol,mp/loot/br/resurgence_massive/public_events/lootset_cache_pe_crate_drop.csv,46,,# cache_pe_crate,,,,,,,,,,,,,,,,,,,,,,,,,,,,,,,,,,,,,,,,,,,,,,,,
setchancecol,mp/loot/br/resurgence_massive/codmas/lootset_cache_present.csv,47,,#cache_present,,,,,,,,,,,,,,,,,,,,,,,,,,,,,,,,,,,,,,,,,,,,,,,,
setchancecol,mp/loot/br/resurgence_massive/codmas/lootset_cache_santa.csv,48,,#cache_santa,,,,,,,,,,,,,,,,,,,,,,,,,,,,,,,,,,,,,,,,,,,,,,,,
setchancecol,mp/loot/br/resurgence_massive/codmas/lootset_cache_rudolf.csv,49,,# cache_rudolf,,,,,,,,,,,,,,,,,,,,,,,,,,,,,,,,,,,,,,,,,,,,,,,,
setchancecol,mp/loot/br/resurgence_massive/codmas/lootset_cache_dth_1.csv,50,,# cache_dth_1,,,,,,,,,,,,,,,,,,,,,,,,,,,,,,,,,,,,,,,,,,,,,,,,
setchancecol,mp/loot/br/resurgence_massive/codmas/lootset_cache_dth_2.csv,51,,# cache_dth_2,,,,,,,,,,,,,,,,,,,,,,,,,,,,,,,,,,,,,,,,,,,,,,,,
setchancecol,mp/loot/br/resurgence_massive/codmas/lootset_cache_dth_3.csv,52,,# cache_dth_3,,,,,,,,,,,,,,,,,,,,,,,,,,,,,,,,,,,,,,,,,,,,,,,,
tagReject,nobr,,100,100,100,100,100,100,100,100,100,100,100,100,100,100,100,100,100,100,100,100,100,100,100,100,100,100,100,100,100,100,100,100,100,100,100,100,100,100,100,100,100,100,100,100,100,100,100,100,100,100
tagReject,sealion,,100,100,100,100,100,100,100,100,100,100,100,100,100,100,100,100,100,100,100,100,100,100,100,100,100,100,100,100,100,100,100,100,100,100,100,100,100,100,100,100,100,100,100,100,100,100,100,100,100,100
tagReject,delta,,100,100,100,100,100,100,100,100,100,100,100,100,100,100,100,100,100,100,100,100,100,100,100,100,100,100,100,100,100,100,100,100,100,100,100,100,100,100,100,100,100,100,100,100,100,100,100,100,100,100
reqLimit,gascan,,3,,,,,,,,,,,,,,,,,,,,,,,,,,,,,,,,,,,,,,,,,,,,,,,,,
reqLimit,brloot_super_deployablekiosk,,1,,,,,,,,,,,,,,,,,,,,,,,,,,,,,,,,,,,,,,,,,,,,,,,,,
chance,ammo,,190,115,85,20,50,50,190,190,0,90,1,60,0,0,0,1,20,20,60,2,2,2,2,2,0,191,156,121,136,121,141,136,151,131,146,146,146,116,265,2,2,150,115,0,0,175,115,115,20,50
chance,health,,130,105,85,20,50,50,130,130,0,90,0,60,0,0,0,0,0,0,60,25,25,25,25,25,0,146,156,191,171,191,121,151,161,151,156,121,121,186,175,25,25,0,105,0,1,175,115,105,20,50
chance,plunder,,50,20,50,100,180,150,50,50,1,20,1,100,0,0,0,0,1,1,100,2,2,2,2,2,0,115,115,115,120,115,115,125,115,125,135,115,115,135,115,2,2,100,20,1,1,5,160,20,100,150
chance,killstreak,,0,140,100,180,150,180,0,0,0,110,0,170,0,0,0,100,0,1,170,3,3,3,3,3,0,10,10,10,10,10,10,10,10,10,10,10,10,10,0,3,3,50,140,0,0,5,60,140,180,180
chance,lethal,,140,70,165,20,0,0,140,140,0,165,0,40,0,0,1,384,5,5,40,10,10,10,10,10,0,156,136,156,141,156,151,186,141,156,106,121,121,121,80,10,10,0,70,0,0,200,0,70,20,0
chance,tactical,,140,70,155,20,0,0,140,140,0,165,0,40,650,650,1,384,5,5,40,10,10,10,10,10,0,136,111,181,171,181,121,151,111,156,106,121,121,176,80,10,10,0,70,0,0,200,0,70,20,0
chance,super,,145,225,220,220,200,200,145,145,0,210,0,200,150,150,0,100,5,5,200,20,20,20,20,20,0,80,110,95,95,95,80,80,105,110,135,110,110,125,90,20,20,0,225,0,0,105,145,225,220,200
chance,weapon,,176,100,60,20,5,120,176,176,0,60,0,55,0,0,0,1,0,0,55,5,5,5,5,5,0,120,175,90,110,90,215,120,175,115,175,215,215,90,190,5,5,25,100,0,0,120,60,100,20,120
chance,gear,,0,20,50,50,180,220,0,0,0,50,0,190,0,0,0,0,0,5,100,3,3,3,3,3,0,10,0,0,10,0,10,0,0,10,0,10,10,0,0,3,3,100,20,0,0,5,120,20,50,220
chance,revive,,0,30,20,60,85,0,0,0,0,20,0,60,100,100,0,0,5,5,60,0,2,2,5,0,0,0,0,10,0,10,0,10,0,0,0,0,0,10,0,0,0,50,30,0,0,0,5,30,60,0
chance,tablet,,3,0,0,0,0,0,2,2,0,0,0,0,0,0,0,0,0,0,0,0,0,0,0,0,0,1,1,1,1,1,1,1,1,1,1,1,1,1,1,0,0,0,0,0,0,0,0,0,0,0
chance,perkpack,,20,50,0,175,50,0,20,20,0,10,0,10,50,50,0,30,0,0,100,5,5,5,10,5,0,20,20,20,20,20,20,20,20,20,20,20,20,20,0,0,5,0,50,0,0,5,100,50,175,0
chance,token,,0,0,0,0,0,0,0,0,0,0,0,0,0,0,0,0,0,0,0,0,0,0,0,0,0,0,0,0,0,0,0,0,0,0,0,0,0,0,0,0,0,0,0,0,0,0,0,0,0,0
chance,plate_carrier,,7,25,10,40,180,220,7,7,0,10,0,10,50,50,0,0,0,5,10,0,2,2,5,5,0,10,10,10,10,10,10,10,10,10,10,10,10,10,5,0,0,0,25,1,0,5,120,25,40,220
chance,voucher,,0,0,0,0,0,0,0,0,0,0,0,0,0,0,0,0,0,0,0,0,0,0,0,0,0,0,0,0,0,0,0,0,0,0,0,0,0,0,0,0,0,0,0,0,0,0,0,0,0,0
item,brloot_ammo_12g,,150,150,150,150,150,150,150,150,0,150,350,150,0,0,0,150,150,150,150,150,150,150,150,150,0,150,150,150,150,150,150,150,150,150,150,150,150,150,150,150,100,100,150,0,0,150,150,150,150,150
item,brloot_ammo_50cal,,205,205,205,205,205,205,205,205,0,205,100,205,0,0,0,205,205,205,205,205,205,205,205,205,0,205,205,205,205,205,205,205,205,205,205,205,205,205,205,205,205,205,205,0,0,205,205,205,205,205
item,brloot_ammo_762,,330,330,330,330,330,330,330,330,0,330,100,330,0,0,0,330,330,330,330,330,330,330,330,330,0,330,330,330,330,330,330,330,330,330,330,330,330,330,330,330,330,330,330,0,0,330,330,330,330,330
item,brloot_ammo_919,,265,265,265,265,265,265,265,265,0,265,450,265,0,0,0,265,265,265,265,265,265,265,265,265,0,265,265,265,265,265,265,265,265,265,265,265,265,265,265,265,265,265,265,0,0,265,265,265,265,265
item,brloot_ammo_rocket,,50,50,50,50,50,50,50,50,0,50,0,50,0,0,0,50,50,50,50,50,50,50,50,50,0,50,50,50,50,50,50,50,50,50,50,50,50,50,50,50,50,50,50,0,0,50,50,50,50,50
item,brloot_equip_gasmask,,0,400,400,400,400,400,400,400,0,400,0,400,0,0,0,0,0,400,400,400,400,400,400,400,0,400,0,0,400,0,400,0,0,400,0,400,400,0,0,400,400,300,400,0,0,400,400,400,400,400
item,brloot_equip_gasmask_durable,,0,100,100,100,100,100,100,100,0,100,0,100,0,0,0,0,0,100,100,100,100,100,100,100,0,100,0,0,100,0,100,0,0,100,0,100,100,0,0,100,100,100,100,0,0,100,100,100,100,100
item,brloot_self_revive,,0,1,1,1,1,0,1,1,0,1,0,1,1,1,0,0,1,1,1,0,1,1,1,0,0,0,0,1,0,1,0,1,0,0,0,0,0,1,0,0,0,100,1,0,0,0,0,1,1,0
1000,,,,,,,,,,,,,,,,,,,,,,,,,,,,,,,,,,,,,,,,,,,,,,,,,,,,
item,brloot_offhand_atmine,,90,90,90,90,0,0,90,90,0,90,0,90,0,0,90,90,90,90,90,90,90,90,90,90,0,90,90,90,90,90,90,90,90,90,90,90,90,90,90,90,90,0,90,0,0,90,0,90,90,0
item,brloot_offhand_claymore,,90,90,90,90,0,0,90,90,0,90,0,90,0,0,90,90,90,90,90,90,90,90,90,90,0,90,90,90,90,90,90,90,90,90,90,90,90,90,90,90,90,0,90,0,0,90,0,90,90,0
item,brloot_offhand_c4,,90,90,90,90,0,0,90,90,0,90,0,90,0,0,90,90,90,90,90,90,90,90,90,90,0,90,90,90,90,90,90,90,90,90,90,90,90,90,90,90,90,0,90,0,0,90,0,90,90,0
item,brloot_offhand_frag,,90,90,90,90,0,0,90,90,0,90,0,90,0,0,90,90,90,90,90,90,90,90,90,90,0,90,90,90,90,90,90,90,90,90,90,90,90,90,90,90,90,0,90,0,0,90,0,90,90,0
item,brloot_offhand_molotov,,90,90,90,90,0,0,90,90,0,90,0,90,0,0,90,90,90,90,90,90,90,90,90,90,0,90,90,90,90,90,90,90,90,90,90,90,90,90,90,90,90,0,90,0,0,90,0,90,90,0
item,brloot_offhand_semtex,,90,90,90,90,0,0,90,90,0,90,0,90,0,0,90,90,90,90,90,90,90,90,90,90,0,90,90,90,90,90,90,90,90,90,90,90,90,90,90,90,90,0,90,0,0,90,0,90,90,0
item,brloot_offhand_thermite,,90,90,90,90,0,0,90,90,0,90,0,90,0,0,90,90,90,90,90,90,90,90,90,90,0,90,90,90,90,90,90,90,90,90,90,90,90,90,90,90,90,0,90,0,0,90,0,90,90,0
item,brloot_offhand_throwingknife,,90,90,90,90,0,0,90,90,0,90,0,90,0,0,90,90,90,90,90,90,90,90,90,90,0,90,90,90,90,90,90,90,90,90,90,90,90,90,90,90,90,0,90,0,0,90,0,90,90,0
item,brloot_offhand_bunkerbuster,,100,100,100,100,0,0,100,100,0,100,0,100,0,0,100,100,100,100,100,100,100,100,100,100,0,100,100,100,100,100,100,100,100,100,100,100,100,100,100,100,100,0,100,0,0,100,0,100,100,0
item,brloot_offhand_breacherdrone,,90,90,90,90,0,0,90,90,0,90,0,90,0,0,90,90,90,90,90,90,90,90,90,90,0,90,90,90,90,90,90,90,90,90,90,90,90,90,90,90,90,0,90,0,0,90,0,90,90,0
item,brloot_offhand_thermobaric,,90,90,90,90,0,0,90,90,0,90,0,90,0,0,90,90,90,90,90,90,90,90,90,90,0,90,90,90,90,90,90,90,90,90,90,90,90,90,90,90,90,0,90,0,0,90,0,90,90,0
item,brloot_offhand_concussion,,105,105,105,105,0,0,105,105,0,105,0,105,1,1,105,105,5,5,105,105,105,105,105,105,0,105,105,105,105,105,105,105,105,105,105,105,105,105,105,5,5,0,105,0,0,105,0,105,105,0
item,brloot_offhand_decoy,,105,105,105,105,0,0,105,105,0,105,0,105,1,1,105,105,5,5,105,105,105,105,105,105,0,105,105,105,105,105,105,105,105,105,105,105,105,105,105,5,5,0,105,0,0,105,0,105,105,0
item,brloot_offhand_flash,,105,105,105,105,0,0,105,105,0,105,0,105,1,1,105,105,5,5,105,105,105,105,105,105,0,105,105,105,105,105,105,105,105,105,105,105,105,105,105,5,5,0,105,0,0,105,0,105,105,0
item,brloot_offhand_gas,,105,105,105,105,0,0,105,105,0,105,0,105,1,1,105,105,5,5,105,105,105,105,105,105,0,105,105,105,105,105,105,105,105,105,105,105,105,105,105,5,5,0,105,0,0,105,0,105,105,0
item,brloot_offhand_smoke,,105,105,105,105,0,0,105,105,0,105,0,105,1,1,105,105,5,5,105,105,105,105,105,105,0,105,105,105,105,105,105,105,105,105,105,105,105,105,105,5,5,0,105,0,0,105,0,105,105,0
item,brloot_offhand_snapshot,,105,105,105,105,0,0,105,105,0,105,0,105,1,1,105,105,5,5,105,105,105,105,105,105,0,105,105,105,105,105,105,105,105,105,105,105,105,105,105,5,5,0,105,0,0,105,0,105,105,0
item,brloot_offhand_shockstick,,105,105,105,105,0,0,105,105,0,105,0,105,1,1,105,105,5,5,105,105,105,105,105,105,0,105,105,105,105,105,105,105,105,105,105,105,105,105,105,5,5,0,105,0,0,105,0,105,105,0
item,brloot_offhand_battlerage,,45,55,55,55,0,0,55,55,0,55,0,55,1,1,55,55,5,5,55,55,55,55,55,55,0,55,55,55,55,55,55,55,55,55,55,55,55,55,55,5,5,0,55,0,0,55,0,55,55,0
item,brloot_offhand_tracker,,105,105,105,105,0,0,105,105,0,105,0,105,1,1,105,105,5,5,105,105,105,105,105,105,0,105,105,105,105,105,105,105,105,105,105,105,105,105,105,5,5,0,105,0,0,105,0,105,105,0
item,brloot_offhand_butterfly_mine,,105,105,105,105,0,0,105,105,0,105,0,105,1,1,105,105,5,5,105,105,105,105,105,105,0,105,105,105,105,105,105,105,105,105,105,105,105,105,105,5,5,0,105,0,0,105,0,105,105,0
item,brloot_health_adrenaline,,10,0,0,0,0,0,0,0,0,0,0,0,1,1,0,0,0,0,0,0,0,0,0,0,0,0,0,0,0,0,0,0,0,0,0,0,0,0,10,0,0,0,0,0,0,0,0,0,0,0
item,brloot_offhand_taccover,,88,70,0,50,50,50,50,50,0,70,0,50,0,0,0,70,50,50,50,70,70,70,70,70,0,80,80,80,80,80,80,80,80,80,80,80,80,80,80,65,65,0,70,0,0,78,63,70,63,50
item,brloot_offhand_trophysystem,,88,70,0,50,50,50,50,50,0,70,0,50,0,0,0,70,50,50,50,70,70,70,70,70,0,80,80,80,80,80,80,80,80,80,80,80,80,80,80,65,65,0,70,0,0,78,63,70,63,50
item,brloot_killstreak_recondrone,,88,75,0,50,50,50,50,50,0,75,0,50,0,0,0,75,50,50,50,75,75,75,75,75,0,80,80,80,80,80,80,80,80,80,80,80,80,80,80,65,65,0,75,0,0,78,63,75,63,50
item,brloot_super_deadsilence,,50,70,0,50,50,50,50,50,0,70,0,50,0,0,0,70,50,50,50,70,70,70,70,70,0,50,50,50,50,50,50,50,50,50,50,50,50,50,50,65,65,0,70,0,0,78,63,70,63,50
item,brloot_super_munitionsbox,,88,70,0,50,50,50,50,50,0,70,0,50,0,0,0,70,50,50,50,70,70,70,70,70,0,80,80,80,80,80,80,80,80,80,80,80,80,80,80,65,65,0,70,0,0,78,63,70,63,50
item,brloot_super_armorbox,,88,70,0,50,50,50,50,50,0,70,0,50,0,0,0,70,50,50,50,70,70,70,70,70,0,80,80,80,80,80,80,80,80,80,80,80,80,80,80,65,65,0,70,0,0,78,63,70,63,50
item,brloot_super_heartbeatsensor,,88,70,0,50,50,50,50,50,0,70,0,50,0,0,0,70,50,50,50,70,70,70,70,70,0,80,80,80,80,80,80,80,80,80,80,80,80,80,80,65,65,0,70,0,0,78,63,70,63,50
item,brloot_super_emppulse,,88,70,0,50,50,50,50,50,0,70,0,50,0,0,0,70,50,50,50,70,70,70,70,70,0,80,80,80,80,80,80,80,80,80,80,80,80,80,80,65,65,0,70,0,0,78,63,70,63,50
item,brloot_super_tacticalcamera,,87,70,0,50,50,50,50,50,0,70,0,50,0,0,0,70,50,50,50,70,70,70,70,70,0,80,80,80,80,80,80,80,80,80,80,80,80,80,80,65,65,0,70,0,0,78,63,70,63,50
item,brloot_super_stimpistol,,0,0,0,0,0,0,0,0,0,0,0,0,0,0,0,0,0,0,0,0,0,0,0,0,0,0,0,0,0,0,0,0,0,0,0,0,0,0,0,0,0,0,0,0,0,0,0,0,0,0
item,brloot_offhand_deployed_decoy,,87,70,0,50,50,50,50,50,0,70,0,50,0,0,0,70,50,50,50,70,70,70,70,70,0,80,80,80,80,80,80,80,80,80,80,80,80,80,80,65,65,0,70,0,0,78,63,70,63,50
item,brloot_super_soundveil,,50,70,0,50,50,50,50,50,0,70,0,50,0,0,0,70,50,50,50,70,70,70,70,70,0,80,80,80,80,80,80,80,80,80,80,80,80,80,80,65,65,0,70,0,0,78,63,70,63,50
item,brloot_super_sonarpulse,,50,70,0,50,50,50,50,50,0,70,0,50,0,0,0,70,50,50,50,70,70,70,70,70,0,20,20,20,20,20,20,20,20,20,20,20,20,20,20,60,60,0,70,0,0,77,62,70,62,50
item,brloot_super_personal_redeploy_drone,,0,30,0,80,100,100,100,100,0,30,0,100,0,0,0,30,100,100,100,30,30,30,30,30,0,20,20,20,20,20,20,20,20,20,20,20,20,20,20,50,50,0,30,0,0,10,62,30,62,100
item,brloot_offhand_deconstation,,0,30,0,80,100,100,100,100,0,30,0,100,0,0,0,30,100,100,100,30,30,30,30,30,0,20,20,20,20,20,20,20,20,20,20,20,20,20,20,50,50,0,30,0,0,10,50,30,50,100
item,brloot_super_deployablekiosk,,0,30,0,80,100,100,100,100,0,30,0,100,50,50,0,30,100,100,100,30,30,30,30,30,0,20,20,20,20,20,20,20,20,20,20,20,20,20,20,50,50,0,30,0,0,10,50,30,0,100
item,brloot_super_reinforcement_flare,,0,0,0,0,0,0,0,0,0,0,0,0,1,1,0,0,0,0,0,0,0,0,0,0,0,0,0,0,0,0,0,0,0,0,0,0,0,0,0,0,0,0,0,0,0,0,10,0,0,5
item,brloot_super_oxygenmask,,10,0,100,0,0,0,0,0,0,0,0,0,0,0,0,0,0,0,0,0,0,0,0,0,0,0,0,0,0,0,0,0,0,0,0,0,0,0,0,0,0,0,0,0,0,0,5,0,0,5
item,brloot_offhand_advancedsupplydrop,,0,5,0,30,25,25,25,25,0,5,0,25,0,0,0,5,25,25,25,5,5,5,5,5,0,0,0,0,0,0,0,0,0,0,0,0,0,0,0,5,5,0,5,0,0,5,5,0,0,5
item,brloot_balloon_extract,,0,0,0,0,0,0,0,0,0,0,0,0,0,0,0,0,0,0,0,0,0,0,0,0,0,0,0,0,0,0,0,0,0,0,0,0,0,0,0,0,0,0,0,0,0,0,0,0,0,0
item,brloot_plunder_extract,,0,0,0,0,0,0,0,0,0,0,0,0,0,0,0,0,0,0,0,0,0,0,0,0,0,0,0,0,0,0,0,0,0,0,0,0,0,0,0,0,0,0,0,0,0,0,0,0,0,0
rarity,0_weapon,,545,370,370,0,0,0,390,390,0,500,0,0,0,0,0,525,0,0,0,0,35,0,0,0,0,500,500,500,500,500,450,500,500,500,500,450,450,500,545,0,0,0,370,0,0,370,0,370,0,0
rarity,1_weapon,,275,275,275,220,225,200,350,350,0,300,0,0,0,0,0,400,0,0,220,55,30,55,55,30,0,300,300,300,300,300,325,300,300,300,300,325,325,300,275,55,20,0,275,0,0,275,0,275,360,360
rarity,2_weapon,,180,235,235,200,175,175,260,260,0,200,0,970,0,0,0,49,0,0,200,45,25,0,45,40,0,200,200,200,200,200,225,200,200,200,200,225,225,200,180,45,30,0,235,0,0,235,0,235,310,310
rarity,3_weapon,,0,75,75,150,150,150,0,0,0,0,0,100,0,0,0,25,0,0,150,0,0,20,20,20,0,0,0,0,0,0,0,0,0,0,0,0,0,0,0,0,10,100,75,0,0,75,750,75,230,230
rarity,4_weapon,,0,45,45,80,100,125,0,0,0,0,0,30,0,0,0,1,0,0,80,0,0,10,10,10,0,0,0,0,0,0,0,0,0,0,0,0,0,0,0,0,10,100,45,0,0,45,250,45,100,100
item,brloot_armor_plate,,1,1,1,1,1,1,1,1,0,1,0,1,0,0,0,0,0,0,1,1,1,1,1,1,0,1,1,1,1,1,1,1,1,1,1,1,1,1,1,1,1,0,1,0,1,1,1,1,1,1
item,brloot_plunder_cash_common_1,,0,0,0,0,0,0,0,0,0,0,500,0,0,0,0,0,0,0,0,0,0,0,0,0,0,0,0,0,0,0,0,0,0,0,0,0,0,0,0,0,0,0,0,0,0,0,0,0,0,0
item,brloot_plunder_cash_uncommon_1,,875,875,875,0,0,0,875,875,875,875,300,0,0,0,0,0,0,0,0,0,5,5,5,8,0,768,768,768,768,768,768,768,768,768,768,768,768,768,800,0,0,0,875,375,500,500,490,875,500,0
item,brloot_plunder_cash_uncommon_2,,100,100,100,600,600,0,100,100,100,100,150,0,0,0,0,0,600,600,600,20,20,20,20,20,0,157,157,157,157,157,157,157,157,157,157,157,157,157,175,20,20,20,100,420,300,300,190,100,300,600
item,brloot_plunder_cash_uncommon_3,,25,25,25,300,300,500,25,25,25,25,50,0,0,0,0,0,300,300,300,12,12,12,12,12,0,49,49,49,49,49,49,49,49,49,49,49,49,49,25,12,12,12,25,150,150,150,140,25,150,300
item,brloot_plunder_cash_rare_1,,0,0,0,75,75,200,0,0,0,0,0,550,0,0,0,0,75,75,75,8,8,8,8,8,0,18,18,18,18,18,18,18,18,18,18,18,18,18,0,8,8,8,0,50,50,50,100,0,50,75
item,brloot_plunder_cash_rare_2,,0,0,0,25,25,150,0,0,0,0,0,450,0,0,0,0,25,25,25,0,0,0,0,0,0,7,7,7,7,7,7,7,7,7,7,7,7,7,0,0,0,5,0,5,0,0,50,0,0,25
item,brloot_plunder_cash_epic_1,,0,0,0,0,0,100,0,0,0,0,0,0,0,0,0,0,0,0,0,0,0,0,0,0,0,2,2,2,2,2,2,2,2,2,2,2,2,2,0,0,0,0,0,0,0,0,24,0,0,0
item,brloot_plunder_cash_epic_2,,0,0,0,0,0,49,0,0,0,0,0,0,0,0,0,0,0,0,0,0,0,0,0,0,0,0,0,0,0,0,0,0,0,0,0,0,0,0,0,0,0,0,0,0,0,0,5,0,0,0
item,brloot_plunder_cash_legendary_1,,0,0,0,0,0,1,0,0,0,0,0,0,0,0,0,0,0,0,0,0,0,0,0,0,0,0,0,0,0,0,0,0,0,0,0,0,0,0,0,0,0,0,0,0,0,0,1,0,0,0
1195,,,,,,,,,,,,,,,,,,,,,,,,,,,,,,,,,,,,,,,,,,,,,,,,,,,,
item,brloot_killstreak_assaultdrone,,0,125,125,125,100,100,0,0,0,125,0,125,0,0,0,125,0,1,125,0,125,125,125,0,0,125,125,125,125,125,125,125,125,125,125,125,125,125,125,0,0,125,125,0,0,0,100,125,125,100
item,brloot_killstreak_uav,,0,0,0,0,0,0,0,0,0,0,0,0,0,0,0,0,0,0,0,0,0,0,0,0,0,0,0,0,0,0,0,0,0,0,0,0,0,0,0,0,0,0,0,0,0,0,0,0,0,0
item,brloot_killstreak_uav_bigmap,,0,100,100,100,125,125,0,0,0,100,0,100,0,0,0,100,0,0,100,15,100,100,100,15,0,100,100,100,100,100,100,100,100,100,100,100,100,100,100,15,15,100,100,0,0,0,125,100,100,125
item,brloot_killstreak_clusterstrike,,0,150,150,150,115,115,0,0,0,150,0,150,0,0,0,150,1,0,150,25,150,150,150,25,0,150,150,150,150,150,150,150,150,150,150,150,150,150,150,25,25,150,150,0,0,0,115,150,150,115
item,brloot_killstreak_precision_airstrike,,0,150,150,150,110,110,0,0,0,150,0,150,0,0,0,150,0,1,150,25,150,150,150,25,0,150,150,150,150,150,150,150,150,150,150,150,150,150,150,25,25,150,150,0,0,0,110,150,150,110
item,brloot_killstreak_cluster_spike,,0,110,110,110,100,100,0,0,0,110,0,110,0,0,0,110,1,0,110,0,110,110,110,0,0,110,110,110,110,110,110,110,110,110,110,110,110,110,110,0,0,110,110,0,0,0,100,110,110,100
item,brloot_killstreak_scramblerdrone,,0,100,100,100,125,125,0,0,0,100,0,100,0,0,0,100,0,1,100,0,100,100,100,15,0,100,100,100,100,100,100,100,100,100,100,100,100,100,100,0,10,100,100,0,0,1,25,100,100,25
item,brloot_killstreak_supply_sweep,,0,10,10,10,10,10,0,0,0,10,0,10,0,0,0,10,0,0,10,0,10,10,10,0,0,10,10,10,10,10,10,10,10,10,10,10,10,10,10,0,0,10,10,0,0,0,110,10,10,110
item,brloot_munition_jup_switchblade_drone,,0,125,125,125,125,125,0,0,0,125,0,125,0,0,0,125,1,0,125,0,125,125,125,0,0,125,125,125,125,125,125,125,125,125,125,125,125,125,125,0,0,125,125,0,0,1,125,125,125,125
item,brloot_munition_jup_lrad,,0,100,100,100,100,100,0,0,0,100,0,100,0,0,0,100,1,0,100,0,100,100,100,0,0,100,100,100,100,100,100,100,100,100,100,100,100,100,100,0,0,100,100,0,0,1,100,100,100,100
item,brloot_munition_jup_missile_turret,,0,100,100,100,100,100,0,0,0,100,0,100,0,0,0,100,0,0,100,0,100,100,100,0,0,100,100,100,100,100,100,100,100,100,100,100,100,100,100,0,0,100,100,0,0,0,100,100,100,100
item,brloot_killstreak_auav,,0,0,0,0,0,0,0,0,0,0,0,0,0,0,0,0,1,0,0,0,0,0,0,0,0,0,0,0,0,0,0,0,0,0,0,0,0,0,0,0,0,0,0,0,0,1,0,0,0,0
item,brloot_killstreak_emp,,0,125,125,125,115,115,0,0,0,125,0,125,0,0,0,125,1,0,125,25,125,125,125,25,0,125,125,125,125,125,125,125,125,125,125,125,125,125,125,25,25,125,125,0,0,0,115,125,125,115
item,brloot_assassination_laptop,,300,0,0,0,0,0,0,0,0,0,0,0,0,0,0,0,0,0,0,0,0,0,0,0,0,300,300,300,300,300,300,300,300,300,300,300,300,300,300,0,0,0,0,0,0,0,0,0,0,0
item,brloot_master_assassination_laptop,,150,0,0,0,0,0,0,0,0,0,0,0,0,0,0,0,0,0,0,0,0,0,0,0,0,150,150,150,150,150,150,0,150,0,0,0,0,0,,,,,,,,0,0,,0,0
item,brloot_vip_laptop,,200,0,0,0,0,0,0,0,0,0,0,0,0,0,0,0,0,0,0,0,0,0,0,0,0,200,200,200,200,200,200,200,200,200,200,200,200,200,200,0,0,0,0,0,0,0,0,0,0,0
item,brloot_intel_laptop,,250,0,0,0,0,0,0,0,0,0,0,0,0,0,0,0,0,0,0,0,0,0,0,0,0,250,250,250,250,250,250,250,250,250,250,250,250,250,250,0,0,0,0,0,0,0,0,0,0,0
item,brloot_safecracker_laptop,,100,0,0,0,0,0,0,0,0,0,0,0,0,0,0,0,0,0,0,0,0,0,0,0,0,100,100,100,100,100,100,100,100,100,100,100,100,100,100,0,0,0,0,0,0,0,0,0,0,0
item,brloot_scavenger_laptop,,500,0,0,0,0,0,0,0,0,0,0,0,0,0,0,0,0,0,0,0,0,0,0,0,0,500,500,500,500,500,500,500,500,500,500,500,500,500,500,0,0,0,0,0,0,0,0,0,0,0
item,brloot_stronghold_infil_laptop,,0,0,0,0,0,0,0,0,0,0,0,0,0,0,0,0,0,0,0,0,0,0,0,0,0,0,0,0,0,0,0,0,0,0,0,0,0,0,0,0,0,0,0,0,0,0,0,0,0,0
item,brloot_elite_arrow_laptop,,0,0,0,0,0,0,0,0,0,0,0,0,0,0,0,0,0,0,0,0,0,0,0,0,0,0,0,0,0,0,0,0,0,0,0,0,0,0,0,0,0,0,0,0,0,0,0,0,0,0
item,brloot_elite_chopper_laptop,,0,0,0,0,0,0,0,0,0,0,0,0,0,0,0,0,0,0,0,0,0,0,0,0,0,0,0,0,0,0,0,0,0,0,0,0,0,0,0,0,0,0,0,0,0,0,0,0,0,0
item,brloot_elite_geiger_laptop,,0,0,0,0,0,0,0,0,0,0,0,0,0,0,0,0,0,0,0,0,0,0,0,0,0,0,0,0,0,0,0,0,0,0,0,0,0,0,0,0,0,0,0,0,0,0,0,0,0,0
rarity,0_noDrop,,0,0,0,0,0,0,0,0,0,0,0,0,0,0,0,0,0,0,0,0,0,0,0,0,0,0,0,0,0,0,0,0,0,0,0,0,0,0,0,0,0,0,0,0,0,0,0,0,0,0
rarity,1_noDrop,,0,0,0,0,0,0,0,0,0,0,0,0,0,0,0,0,0,0,0,0,0,0,0,0,0,0,0,0,0,0,0,0,0,0,0,0,0,0,0,0,0,0,0,0,0,0,0,0,0,0
rarity,2_noDrop,,0,0,0,0,0,0,0,0,0,0,0,0,0,0,0,0,0,0,0,0,0,0,0,0,0,0,0,0,0,0,0,0,0,0,0,0,0,0,0,0,0,0,0,0,0,0,0,0,0,0
rarity,3_noDrop,,0,0,0,0,0,0,0,0,0,0,0,0,0,0,0,0,0,0,0,0,0,0,0,0,0,0,0,0,0,0,0,0,0,0,0,0,0,0,0,0,0,0,0,0,0,0,0,0,0,0
rarity,4_noDrop,,0,0,0,0,0,0,0,0,0,0,0,0,0,0,0,0,0,0,0,0,0,0,0,0,0,0,0,0,0,0,0,0,0,0,0,0,0,0,0,0,0,0,0,0,0,0,0,0,0,0
item,brloot_plate_carrier_3_medic,,318,318,318,318,318,318,318,318,0,318,1,318,1,1,1,0,0,318,318,318,318,318,318,318,0,1,1,1,1,1,1,1,1,1,1,1,1,1,0,318,318,0,318,318,0,318,318,318,318,318
item,brloot_plate_carrier_3_comms,,248,248,248,248,248,248,248,248,0,248,1,248,0,0,1,0,0,248,248,248,248,248,248,248,0,1,1,1,1,1,1,1,1,1,1,1,1,1,0,248,248,0,248,248,0,248,248,248,248,248
item,brloot_plate_carrier_3_stealth,,93,93,93,93,93,93,93,93,0,93,1,93,0,0,1,0,0,93,93,93,93,93,93,93,0,1,1,1,1,1,1,1,1,1,1,1,1,1,0,93,93,0,93,93,0,93,93,93,93,93
item,brloot_plate_carrier_tempered,,93,93,93,93,93,93,93,93,0,93,1,93,0,0,1,0,0,93,93,93,93,93,93,93,0,1,1,1,1,1,1,1,1,1,1,1,1,1,0,93,93,0,93,93,0,93,93,93,93,93
item,brloot_voucher_killstreak_clusterstrike,,0,0,0,0,0,0,0,0,0,0,0,0,0,0,0,0,0,0,0,0,0,0,0,0,0,0,0,0,0,0,0,0,0,0,0,0,0,0,0,0,0,0,0,0,0,0,0,0,0,0
item,brloot_voucher_killstreak_precision_airstrike,,0,0,0,0,0,0,0,0,0,0,0,0,0,0,0,0,0,0,0,0,0,0,0,0,0,0,0,0,0,0,0,0,0,0,0,0,0,0,0,0,0,0,0,0,0,0,0,0,0,0
item,brloot_voucher_killstreak_uav,,0,0,0,0,0,0,0,0,0,0,0,0,0,0,0,0,0,0,0,0,0,0,0,0,0,0,0,0,0,0,0,0,0,0,0,0,0,0,0,0,0,0,0,0,0,0,0,0,0,0
item,brloot_voucher_self_revive,,0,0,0,0,0,0,0,0,0,0,0,0,0,0,0,0,0,0,0,0,0,0,0,0,0,0,0,0,0,0,0,0,0,0,0,0,0,0,0,0,0,0,0,0,0,0,0,0,0,0
item,brloot_voucher_super_armorbox,,0,0,0,0,0,0,0,0,0,0,0,0,0,0,0,0,0,0,0,0,0,0,0,0,0,0,0,0,0,0,0,0,0,0,0,0,0,0,0,0,0,0,0,0,0,0,0,0,0,0
item,brloot_perkpack_airman_jup,,93,93,0,93,93,0,93,93,0,93,0,93,93,93,0,93,0,0,93,93,93,93,93,93,0,93,93,93,93,93,93,93,93,93,93,93,93,93,0,0,93,0,93,0,0,0,0,93,93,0
item,brloot_perkpack_backer_jup,,93,93,0,93,93,0,93,93,0,93,0,93,93,93,0,93,0,0,93,93,93,93,93,93,0,93,93,93,93,93,93,93,93,93,93,93,93,93,0,0,93,0,93,0,0,0,0,93,93,0
item,brloot_perkpack_commander_jup,,25,25,0,25,25,0,25,25,0,25,0,25,25,25,0,25,0,0,25,25,25,25,25,25,0,25,25,25,25,25,25,25,25,25,25,25,25,25,0,0,25,0,25,0,0,0,0,25,25,0
item,brloot_perkpack_corporal_jup,,130,130,0,130,130,0,130,130,0,130,0,130,130,130,0,130,0,0,130,130,130,130,130,130,0,130,130,130,130,130,130,130,130,130,130,130,130,130,0,0,130,0,130,0,0,0,0,130,130,0
item,brloot_perkpack_deputy_jup,,50,50,0,50,50,0,50,50,0,50,0,50,50,50,0,50,0,0,50,50,50,50,50,50,0,50,50,50,50,50,50,50,50,50,50,50,50,50,0,0,50,0,50,0,0,0,0,50,50,0
item,brloot_perkpack_driller_jup,,130,130,0,130,130,0,130,130,0,130,0,130,130,130,0,130,0,0,130,130,130,130,130,130,0,130,130,130,130,130,130,130,130,130,130,130,130,130,0,0,130,0,130,0,0,0,0,130,130,0
item,brloot_perkpack_huntsman_jup,,25,25,0,25,25,0,25,25,0,25,0,25,25,25,0,25,0,0,25,25,25,25,25,25,0,25,25,25,25,25,25,25,25,25,25,25,25,25,0,0,25,0,25,0,0,0,0,25,25,0
item,brloot_perkpack_legionnaire_jup,,130,130,0,130,130,0,130,130,0,130,0,130,130,130,0,130,0,0,130,130,130,130,130,130,0,130,130,130,130,130,130,130,130,130,130,130,130,130,0,0,130,0,130,0,0,0,0,130,130,0
item,brloot_perkpack_marauder_jup,,94,94,0,94,94,0,94,94,0,94,0,94,94,94,0,94,0,0,94,94,94,94,94,94,0,94,94,94,94,94,94,94,94,94,94,94,94,94,0,0,94,0,94,0,0,0,0,94,94,0
item,brloot_perkpack_resistor_jup,,50,50,0,50,50,0,50,50,0,50,0,50,50,50,0,50,0,0,50,50,50,50,50,50,0,50,50,50,50,50,50,50,50,50,50,50,50,50,0,0,50,0,50,0,0,0,0,50,50,0
item,brloot_perkpack_stuntman_jup,,130,130,0,130,130,0,130,130,0,130,0,130,130,130,0,130,0,0,130,130,130,130,130,130,0,130,130,130,130,130,130,130,130,130,130,130,130,130,0,0,130,0,130,0,0,0,0,130,130,0
item,brloot_perkpack_technician_jup,,50,50,0,50,50,0,50,50,0,50,0,50,50,50,0,50,0,0,50,50,50,50,50,50,0,50,50,50,50,50,50,50,50,50,50,50,50,50,0,0,50,0,50,0,0,0,0,50,50,0
item,loot_key_gulag,,100,100,100,100,0,0,0,0,0,0,0,0,0,0,0,0,0,0,100,0,0,0,0,0,0,0,0,0,0,0,0,0,0,0,0,0,0,0,0,0,0,0,100,0,0,0,0,100,100,0
pointFlagFilter,loot_spawn_large,0,large|medium|small,,,,,,,,,,,,,,,,,,,,,,,,,,,,,,,,,,,,,,,,,,,,,,,,,
pointFlagFilter,loot_spawn_medium,0,medium|small,,,,,,,,,,,,,,,,,,,,,,,,,,,,,,,,,,,,,,,,,,,,,,,,,
pointFlagFilter,loot_spawn_small,0,small,,,,,,,,,,,,,,,,,,,,,,,,,,,,,,,,,,,,,,,,,,,,,,,,,
item,brloot_redeploy_token,,0,0,0,0,0,0,0,0,0,0,0,0,0,0,0,0,0,0,0,0,0,0,0,0,0,0,0,0,0,0,0,0,0,0,0,0,0,0,0,0,0,0,0,0,0,0,0,0,0,0
item,brloot_gulag_token,,0,0,0,0,0,0,0,0,0,0,0,0,0,0,0,0,0,0,0,0,0,0,0,0,0,0,0,0,0,0,0,0,0,0,0,0,0,0,0,0,0,0,0,0,0,0,0,0,0,0
